<?xml version="1.0"?>
<doc>
    <assembly>
        <name>Youziku.SDK.v35</name>
    </assembly>
    <members>
        <member name="T:Youziku.Builder.ParamBuilder">
            <summary>
            请求参数构造器
            @author:jamesbing
            </summary>
        </member>
        <member name="M:Youziku.Builder.ParamBuilder.GetFontface(Youziku.Param.FontFaceParam,Youziku.Settings.YouzikuConfig)">
            <summary>
            GetFontface接口
            </summary>
            <param name="param">param</param>
            <param name="config">config</param>
            <returns></returns>
        </member>
        <member name="M:Youziku.Builder.ParamBuilder.GetBatchFontFace(Youziku.Param.Batch.BatchFontFaceParam,Youziku.Settings.YouzikuConfig)">
            <summary>
            GetBatchFontFace接口
            </summary>
            <param name="param">param</param>
            <param name="config">config</param>
            <returns></returns>
        </member>
        <member name="M:Youziku.Builder.ParamBuilder.GetCustomPathFontFace(Youziku.Param.Batch.BatchCustomPathWoffFontFaceParam,Youziku.Settings.YouzikuConfig)">
            <summary>
            GetCustomPathFontFace 自定义路径接口
            </summary>
            <param name="param">param</param>
            <param name="config">config</param>
            <returns></returns>
        </member>
        <member name="P:Youziku.Client.BaseServiceClient.HttpRequestClient">
            <summary>
            发起Http请求类库
            </summary>
        </member>
        <member name="M:Youziku.Client.BaseServiceClient.CommonGetFontFace``1(System.Collections.Generic.IDictionary{System.String,System.String},System.String,Youziku.Settings.YouzikuConfig)">
            <summary>
            通用请求GetFontFace
            </summary>
            <param name="paramDic">请求参数</param>
            <param name="url">接口路径</param>
            <param name="config">config</param>
            <returns></returns>
        </member>
        <member name="T:Youziku.Client.IYouzikuServiceClient">
            <summary>
            有字库service接口客户端
            @author:jamesbing
            </summary>
        </member>
        <member name="M:Youziku.Client.IYouzikuServiceClient.GetFontFace(Youziku.Param.FontFaceParam)">
            <summary>
            请求GetFontFace接口
            </summary>
            <param name="param">请求接口参数</param>
            <returns></returns>
        </member>
        <member name="M:Youziku.Client.IYouzikuServiceClient.GetWoffBase64StringFontFace(Youziku.Param.FontFaceParam)">
            <summary>
            请求GetWoffBase64StringFontFace接口
            </summary>
            <param name="param">请求接口参数</param>
            <returns></returns>
        </member>
        <member name="M:Youziku.Client.IYouzikuServiceClient.GetBatchFontFace(Youziku.Param.Batch.BatchFontFaceParam)">
            <summary>
            多标签生成模式,可传递多个标签和内容一次生成多个@fontface
            </summary>
            <param name="param">请求参数</param>
            <returns></returns>
        </member>
        <member name="M:Youziku.Client.IYouzikuServiceClient.GetBatchWoffFontFace(Youziku.Param.Batch.BatchFontFaceParam)">
            <summary>
            多标签生成模式,直接返回仅woff格式的@fontface
            </summary>
            <param name="param">请求参数</param>
            <returns></returns>
        </member>
        <member name="M:Youziku.Client.IYouzikuServiceClient.GetCustomPathBatchWoffWebFont(Youziku.Param.Batch.BatchCustomPathWoffFontFaceParam)">
             <summary>
            请求 自定义路径接口；该接口底层实现为异步
             </summary>
             <param name="param">请求参数</param>
             <returns></returns>
        </member>
        <member name="M:Youziku.Client.IYouzikuServiceClient.GetCustomPathBatchWebFont(Youziku.Param.Batch.BatchCustomPathWoffFontFaceParam)">
             <summary>
            请求 自定义路径接口；该接口底层实现为异步
             </summary>
             <param name="param">请求参数</param>
             <returns></returns>
        </member>
        <member name="T:Youziku.Client.YouzikuServiceClient">
             <summary>
            有字库service接口客户端
             @author:jamesbing
             </summary>
        </member>
        <member name="F:Youziku.Client.YouzikuServiceClient._config">
            <summary>
            YouzikuConfig
            </summary>
        </member>
        <member name="M:Youziku.Client.YouzikuServiceClient.InitRequestInstance">
            <summary>
            初始化请求类库实例
            </summary>
        </member>
        <member name="M:Youziku.Client.YouzikuServiceClient.#ctor(Youziku.Settings.YouzikuConfig)">
            <summary>
            构造一个YouzikuClient
            </summary>
            <param name="config">config</param>
        </member>
        <member name="M:Youziku.Client.YouzikuServiceClient.#ctor(System.String,System.String)">
            <summary>
            构造一个YouzikuClient
            </summary>
            <param name="apiKey">apiKey</param>
            <param name="host">host</param>
        </member>
        <member name="M:Youziku.Client.YouzikuServiceClient.GetFontFace(Youziku.Param.FontFaceParam)">
            <summary>
            请求GetFontFace接口
            </summary>
            <param name="param">请求接口参数</param>
            <returns></returns>
        </member>
        <member name="M:Youziku.Client.YouzikuServiceClient.GetWoffBase64StringFontFace(Youziku.Param.FontFaceParam)">
            <summary>
            请求GetWoffBase64StringFontFace接口
            </summary>
            <param name="param">请求接口参数</param>
            <returns></returns>
        </member>
        <member name="M:Youziku.Client.YouzikuServiceClient.GetBatchFontFace(Youziku.Param.Batch.BatchFontFaceParam)">
            <summary>
            多标签生成模式,可传递多个标签和内容一次生成多个@fontface
            </summary>
            <param name="param">请求参数</param>
            <returns></returns>
        </member>
        <member name="M:Youziku.Client.YouzikuServiceClient.GetBatchWoffFontFace(Youziku.Param.Batch.BatchFontFaceParam)">
            <summary>
            多标签生成模式,直接返回仅woff格式的@fontface
            </summary>
            <param name="param">请求参数</param>
            <returns></returns>
        </member>
        <member name="M:Youziku.Client.YouzikuServiceClient.GetCustomPathBatchWoffWebFont(Youziku.Param.Batch.BatchCustomPathWoffFontFaceParam)">
             <summary>
            请求 自定义路径接口；该接口底层实现为异步
             </summary>
             <param name="param">请求参数</param>
             <returns></returns>
        </member>
        <member name="M:Youziku.Client.YouzikuServiceClient.GetCustomPathBatchWebFont(Youziku.Param.Batch.BatchCustomPathWoffFontFaceParam)">
             <summary>
            请求 自定义路径接口；该接口底层实现为异步
             </summary>
             <param name="param">请求参数</param>
             <returns></returns>
        </member>
        <member name="T:Youziku.Common.RequestBaseParam">
            <summary>
            请求参数基类
            @author:jamesbing
            </summary>
        </member>
        <member name="P:Youziku.Common.RequestBaseParam.ApiKey">
            <summary>
            ApiKey
            </summary>
        </member>
        <member name="T:Youziku.Common.ServiceMethod">
            <summary>
            接口方法
            </summary>
        </member>
        <member name="T:Youziku.Common.ServiceMethod.WebFont">
            <summary>
            WebFont,单标签生成方法名
            @author:jamesbing
            </summary>
        </member>
        <member name="F:Youziku.Common.ServiceMethod.WebFont.GetFontface">
            <summary>
            接口方法GetFontFace()
            </summary>
        </member>
        <member name="F:Youziku.Common.ServiceMethod.WebFont.GetWoffBase64StringFontFace">
            <summary>
            接口方法GetWoffBase64StringFontFace()
            </summary>
        </member>
        <member name="T:Youziku.Common.ServiceMethod.BatchWebFont">
            <summary>
            batchWebFont,多标签生成方法名
            @author:jamesbing
            </summary>
        </member>
        <member name="F:Youziku.Common.ServiceMethod.BatchWebFont.GetBatchFontFace">
            <summary>
            接口方法GetBatchFontFace()
            </summary>
        </member>
        <member name="F:Youziku.Common.ServiceMethod.BatchWebFont.GetBatchWoffFontFace">
            <summary>
            接口方法GetBatchWoffFontFace()
            </summary>
        </member>
        <member name="T:Youziku.Common.ServiceMethod.CustomPath">
             <summary>
            CustomPath 自定义路径接口
             @author:jamesbing
             </summary>
        </member>
        <member name="F:Youziku.Common.ServiceMethod.CustomPath.CreateBatchWoffWebFont">
            <summary>
            接口方法CreateBatchWoffWebFontAsync()
            </summary>
        </member>
        <member name="F:Youziku.Common.ServiceMethod.CustomPath.CreateBatchWebFont">
            <summary>
            接口方法CreateBatchWebFontAsync()
            </summary>
        </member>
        <member name="T:Youziku.Settings.YouzikuConfig">
            <summary>
            YouzikuConfig
            @author:jamesbing
            </summary>
        </member>
        <member name="P:Youziku.Settings.YouzikuConfig.Host">
            <summary>
            配置接口地址
            </summary>
        </member>
        <member name="P:Youziku.Settings.YouzikuConfig.TimeOut">
            <summary>
            配置发送请求超时时间[单位：分钟]，默认5分钟
            </summary>
        </member>
        <member name="T:Youziku.Core.HttpRequestClient">
            <summary>
            请求接口
            </summary>
        </member>
        <member name="M:Youziku.Core.HttpRequestClient.Request(System.String,System.String,System.Collections.Generic.IDictionary{System.String,System.String},System.Int32)">
            <summary>
            同步请求
            </summary>
            <param name="url">url</param>
            <param name="method">GET、POST</param>
            <param name="param">参数</param>
            <param name="timeout">超时时间；单位：分钟</param>
            <returns></returns>
        </member>
        <member name="T:Youziku.Core.THttpMethod">
            <summary>
            请求方式
            @author:jamesbing
            </summary>
        </member>
        <member name="T:Youziku.Core.TWebRequest">
            <summary>
            WebRequest模式 请求Http
            @author:Jamesbing
            </summary>
        </member>
        <member name="M:Youziku.Core.TWebRequest.Request(System.String,System.String,System.Collections.Generic.IDictionary{System.String,System.String},System.Int32)">
            <summary>
            发送一个普通的web请求，带解压Gzip [同步]
            </summary>
            <param name="url">url</param>
            <param name="method">GET、POST</param>
            <param name="param">参数集合,传null表示没有参数</param>
            <param name="timeout">请求超时时间</param>
            <returns>结果</returns>
        </member>
        <member name="M:Youziku.Core.TWebRequest.GetData(System.IO.Stream,System.Text.Encoding)">
            <summary>
            响应解析数据流
            </summary>
            <param name="s">响应流</param>
            <param name="reEncode">编码</param>
            <returns></returns>
        </member>
        <member name="T:Youziku.Param.Batch.BatchCustomPathWoffFontFaceParam">
            <summary>
            传递多个自定义路径和内容 请求参数
            @author:jamesbing
            </summary>
        </member>
        <member name="F:Youziku.Param.Batch.BatchCustomPathWoffFontFaceParam.Datas">
            <summary>
            标签内容的集合
            </summary>
        </member>
        <member name="T:Youziku.Param.Batch.BatchFontFaceParam">
            <summary>
            多标签生成模式 请求参数
            @author:jamesbing
            </summary>
        </member>
        <member name="F:Youziku.Param.Batch.BatchFontFaceParam.Tags">
            <summary>
            标签+内容的集合
            </summary>
        </member>
        <member name="P:Youziku.Param.CustomPathFontFaceParam.Url">
            <summary>
            自定义存储目录路径。不允许传递文件扩展名,格式：root/dir/filename，重复将被覆盖，用户需要自己确认唯一性
            </summary>
        </member>
        <member name="P:Youziku.Param.CustomPathFontFaceParam.Content">
            <summary>
            要生成字体的文字内容
            </summary>
        </member>
        <member name="P:Youziku.Param.CustomPathFontFaceParam.AccessKey">
            <summary>
            系统规定参数，从有字库字体使用页中"卢教"模式中获取，$youziku.load 语句中第2个参数即为AccessKey。
            </summary>
        </member>
        <member name="T:Youziku.Param.FontFaceParam">
            <summary>
            单标签模式 请求参数
            @author:jamesbing
            </summary>
        </member>
        <member name="P:Youziku.Param.FontFaceParam.AccessKey">
            <summary>
            系统规定参数，从有字库字体使用页中"卢教"模式中获取，$youziku.load 语句中第2个参数即为AccessKey。
            </summary>
        </member>
        <member name="P:Youziku.Param.FontFaceParam.Content">
            <summary>
            生成内容
            </summary>
        </member>
        <member name="P:Youziku.Param.FontFaceParam.Tag">
            <summary>
            标签名称
            </summary>
        </member>
        <member name="P:Youziku.Param.FontFaceParam.UseRanFontFamily">
            <summary>
            是否使用随机生成的FontFamily
            </summary>
        </member>
        <member name="T:Youziku.Result.BatchCustomPathFontFaceResult">
            <summary>
            传递多个自定义路径和内容 响应结果
            @author:jamesbing
            </summary>
        </member>
        <member name="T:Youziku.Result.BatchFontFaceResult">
            <summary>
            多标签生成模式 响应参数
            @author:jamesbing
            </summary>
        </member>
        <member name="P:Youziku.Result.BatchFontFaceResult.Code">
            <summary>
            状态码
            </summary>
        </member>
        <member name="P:Youziku.Result.BatchFontFaceResult.ErrorMessage">
            <summary>
            错误消息
            </summary>
        </member>
        <member name="P:Youziku.Result.BatchFontFaceResult.FontfaceList">
            <summary>
            标签和对应的@fontface语句集合
            </summary>
        </member>
        <member name="T:Youziku.Result.FontFaceResult">
            <summary>
            单标签模式 响应参数
            @author:jamesbing
            </summary>
        </member>
        <member name="P:Youziku.Result.FontFaceResult.Code">
            <summary>
            状态码
            </summary>
        </member>
        <member name="P:Youziku.Result.FontFaceResult.ErrorMessage">
            <summary>
            错误消息
            </summary>
        </member>
        <member name="T:Youziku.Result.ResponseItemResult">
            <summary>
            通用响应结果
            @author:jamesbing
            </summary>
        </member>
        <member name="P:Youziku.Result.ResponseItemResult.FontFamily">
            <summary>
            系统生成的FontFamily
            </summary>
        </member>
        <member name="P:Youziku.Result.ResponseItemResult.Tag">
            <summary>
            标签(与提交的参数对应)
            </summary>
        </member>
        <member name="P:Youziku.Result.ResponseItemResult.FontFace">
            <summary>
            标签对应的@fontface语句
            </summary>
        </member>
        <member name="T:Youziku.Result.ResponseStateResult">
            <summary>
            通用响应状态结果
            @author:jamesbing
            </summary>
        </member>
        <member name="P:Youziku.Result.ResponseStateResult.Code">
            <summary>
            状态码
            </summary>
        </member>
        <member name="P:Youziku.Result.ResponseStateResult.ErrorMessage">
            <summary>
            错误消息
            </summary>
        </member>
        <member name="M:Youziku.Validate.ParamValidate.GetFontface(Youziku.Param.FontFaceParam)">
            <summary>
            验证GetFontface接口
            </summary>
            <param name="param">请求参数</param>
        </member>
        <member name="M:Youziku.Validate.ParamValidate.GetBatchFontFace(Youziku.Param.Batch.BatchFontFaceParam)">
            <summary>
            验证GetBatchFontFace接口
            </summary>
            <param name="param">请求参数</param>
        </member>
        <member name="M:Youziku.Validate.ParamValidate.CreateCustomPathBatchWoffWebFont(Youziku.Param.Batch.BatchCustomPathWoffFontFaceParam)">
            <summary>
            验证CreateBatchWoffWebFontAsync 自定义路径接口
            </summary>
            <param name="param">请求参数</param>
        </member>
    </members>
</doc>
